Date;Volume
03/01/2006;24232729
04/01/2006;20553479
05/01/2006;12829610
06/01/2006;29422828
09/01/2006;16268338
10/01/2006;16288580
11/01/2006;26192772
12/01/2006;18921686
13/01/2006;30966185
17/01/2006;42429911
18/01/2006;118670393
19/01/2006;60918436
20/01/2006;57681688
23/01/2006;30894265
24/01/2006;31686324
25/01/2006;23786001
26/01/2006;28480917
27/01/2006;24325960
30/01/2006;29030615
31/01/2006;36538014
01/02/2006;43601750
02/02/2006;18325852
03/02/2006;32640102
06/02/2006;23527156
07/02/2006;37249236
08/02/2006;28115179
09/02/2006;25341881
10/02/2006;19628507
13/02/2006;26141351
14/02/2006;26217040
15/02/2006;19550488
16/02/2006;19619753
17/02/2006;12620166
21/02/2006;14338713
22/02/2006;18433966
23/02/2006;15427590
24/02/2006;10136525
27/02/2006;11826242
28/02/2006;39929675
01/03/2006;18590783
02/03/2006;23495772
03/03/2006;23215697
06/03/2006;17212950
07/03/2006;23370264
08/03/2006;20922528
09/03/2006;18287116
10/03/2006;28994624
13/03/2006;18442605
14/03/2006;19303466
15/03/2006;20766370
16/03/2006;17114520
17/03/2006;23650513
20/03/2006;21457111
21/03/2006;18876317
22/03/2006;23151137
23/03/2006;33944220
24/03/2006;17835583
27/03/2006;14862989
28/03/2006;25983840
29/03/2006;25510222
30/03/2006;14314539
31/03/2006;12666967
03/04/2006;14889713
04/04/2006;16265347
05/04/2006;11991350
06/04/2006;21576285
07/04/2006;12980359
10/04/2006;9633654
11/04/2006;22109884
12/04/2006;14928168
13/04/2006;15610447
17/04/2006;18242998
18/04/2006;38756357
19/04/2006;77263961
20/04/2006;23486989
21/04/2006;25219814
24/04/2006;15444364
25/04/2006;22363153
26/04/2006;24426349
27/04/2006;19639200
28/04/2006;13317439
01/05/2006;19753189
02/05/2006;16282213
03/05/2006;23298008
04/05/2006;10405776
05/05/2006;14689303
08/05/2006;18196950
09/05/2006;13400208
10/05/2006;13811590
11/05/2006;24278733
12/05/2006;16788087
15/05/2006;13360555
16/05/2006;15335810
17/05/2006;39865162
18/05/2006;38254619
19/05/2006;33142252
22/05/2006;35091493
23/05/2006;28594020
24/05/2006;27287465
25/05/2006;34733945
26/05/2006;13843907
30/05/2006;16247771
31/05/2006;21309321
01/06/2006;16652761
02/06/2006;16470803
05/06/2006;17190404
06/06/2006;15618632
07/06/2006;17470884
08/06/2006;20538716
09/06/2006;10045014
12/06/2006;14352285
13/06/2006;16435770
14/06/2006;19263319
15/06/2006;22375490
16/06/2006;12958647
19/06/2006;12239077
20/06/2006;12613685
21/06/2006;18254442
22/06/2006;11570232
23/06/2006;17378470
26/06/2006;11456964
27/06/2006;16589398
28/06/2006;14043031
29/06/2006;15748387
30/06/2006;22686536
03/07/2006;8067157
05/07/2006;13471680
06/07/2006;13802068
07/07/2006;12372690
10/07/2006;15318601
11/07/2006;11288506
12/07/2006;18708342
13/07/2006;19463413
14/07/2006;12484647
17/07/2006;16376760
18/07/2006;43414869
19/07/2006;204412426
20/07/2006;54684560
21/07/2006;36190651
24/07/2006;42634524
25/07/2006;21388793
26/07/2006;20077207
27/07/2006;25155165
28/07/2006;21584988
31/07/2006;16504090
01/08/2006;18668659
02/08/2006;18120469
03/08/2006;15475508
04/08/2006;11607948
07/08/2006;12968928
08/08/2006;19369320
09/08/2006;14736337
10/08/2006;12598122
11/08/2006;9252261
14/08/2006;10640234
15/08/2006;15300086
16/08/2006;12589452
17/08/2006;17253471
18/08/2006;19612863
21/08/2006;11575259
22/08/2006;10891810
23/08/2006;8839699
24/08/2006;8985701
25/08/2006;6205474
28/08/2006;10405937
29/08/2006;9888927
30/08/2006;13121357
31/08/2006;9449935
01/09/2006;11573661
05/09/2006;11426033
06/09/2006;12802517
07/09/2006;18437178
08/09/2006;9781982
11/09/2006;12940778
12/09/2006;10012103
13/09/2006;15252677
14/09/2006;9565545
15/09/2006;19562430
18/09/2006;15685078
19/09/2006;127739742
20/09/2006;55654770
21/09/2006;28589534
22/09/2006;20668600
25/09/2006;20012744
26/09/2006;35957172
27/09/2006;29865430
28/09/2006;35337675
29/09/2006;19117081
02/10/2006;19646729
03/10/2006;21156884
04/10/2006;21721213
05/10/2006;17636524
06/10/2006;20847342
09/10/2006;15737576
10/10/2006;30382123
11/10/2006;39360907
12/10/2006;25831745
13/10/2006;51340196
16/10/2006;36660411
17/10/2006;68196117
18/10/2006;111874792
19/10/2006;42371679
20/10/2006;49802346
23/10/2006;26305259
24/10/2006;31715791
25/10/2006;40127077
26/10/2006;38452579
27/10/2006;29647673
30/10/2006;35308374
31/10/2006;33583062
01/11/2006;26444473
02/11/2006;34826595
03/11/2006;15318056
06/11/2006;22576824
07/11/2006;28444631
08/11/2006;23391312
09/11/2006;27433031
10/11/2006;21373944
13/11/2006;16883332
14/11/2006;20154947
15/11/2006;22121705
16/11/2006;38515092
17/11/2006;17956744
20/11/2006;20584378
21/11/2006;21144234
22/11/2006;32091079
24/11/2006;9468998
27/11/2006;19928988
28/11/2006;14980185
29/11/2006;19380268
30/11/2006;14916926
01/12/2006;20057321
04/12/2006;28043420
05/12/2006;27131498
06/12/2006;35207855
07/12/2006;22412263
08/12/2006;19276003
11/12/2006;12921358
12/12/2006;32170755
13/12/2006;20432092
14/12/2006;14409058
15/12/2006;27545767
18/12/2006;19437670
19/12/2006;18981133
20/12/2006;25273236
21/12/2006;27054755
22/12/2006;14673266
26/12/2006;8401533
27/12/2006;12426051
28/12/2006;12153886
29/12/2006;16304003
03/01/2007;26654067
04/01/2007;32565729
05/01/2007;64391379
08/01/2007;25716348
09/01/2007;25624340
10/01/2007;40240872
11/01/2007;28879688
12/01/2007;20971299
16/01/2007;24449166
17/01/2007;17801804
18/01/2007;23869944
19/01/2007;24760223
22/01/2007;23204602
23/01/2007;44876406
24/01/2007;81047173
25/01/2007;28370264
26/01/2007;21337083
29/01/2007;16860185
30/01/2007;13582865
31/01/2007;14109084
01/02/2007;17912885
02/02/2007;16502360
05/02/2007;11166146
06/02/2007;24510584
07/02/2007;29165297
08/02/2007;15563680
09/02/2007;18173245
12/02/2007;18317957
13/02/2007;13300013
14/02/2007;30823693
15/02/2007;28171391
16/02/2007;36782786
20/02/2007;20031440
21/02/2007;28005578
22/02/2007;15492646
23/02/2007;21562255
26/02/2007;28394245
27/02/2007;31576938
28/02/2007;30547933
01/03/2007;24027561
02/03/2007;18137552
05/03/2007;21486633
06/03/2007;33490548
07/03/2007;16021518
08/03/2007;13717076
09/03/2007;72786372
12/03/2007;36048732
13/03/2007;18263793
14/03/2007;23604830
15/03/2007;15440846
16/03/2007;19801762
19/03/2007;9989268
20/03/2007;12206503
21/03/2007;26675075
22/03/2007;13249801
23/03/2007;12729466
26/03/2007;12910493
27/03/2007;9417042
28/03/2007;13511907
29/03/2007;13815388
30/03/2007;9434964
02/04/2007;8668876
03/04/2007;12339884
04/04/2007;7848059
05/04/2007;13892548
09/04/2007;12411792
10/04/2007;12799376
11/04/2007;16237154
12/04/2007;13905515
13/04/2007;12009472
16/04/2007;14378701
17/04/2007;44549759
18/04/2007;127898810
19/04/2007;45686451
20/04/2007;39789613
23/04/2007;27268898
24/04/2007;25999999
25/04/2007;35585432
26/04/2007;32339173
27/04/2007;21099354
30/04/2007;17608540
01/05/2007;18318961
02/05/2007;16995768
03/05/2007;20121161
04/05/2007;245789251
07/05/2007;41260497
08/05/2007;28117107
09/05/2007;23546852
10/05/2007;26574527
11/05/2007;13910127
14/05/2007;20900346
15/05/2007;22231828
16/05/2007;32982311
17/05/2007;23567675
18/05/2007;35493633
21/05/2007;19030940
22/05/2007;19141588
23/05/2007;28664524
24/05/2007;19127041
25/05/2007;10334577
29/05/2007;13984167
30/05/2007;16143695
31/05/2007;15874325
01/06/2007;12401444
04/06/2007;13430613
05/06/2007;20501364
06/06/2007;33559306
07/06/2007;34247885
08/06/2007;18632640
11/06/2007;14871415
12/06/2007;22214546
13/06/2007;31226210
14/06/2007;18919820
15/06/2007;23823194
18/06/2007;72522004
19/06/2007;66111775
20/06/2007;33518397
21/06/2007;18061511
22/06/2007;34923661
25/06/2007;21249748
26/06/2007;25323971
27/06/2007;14096672
28/06/2007;17165040
29/06/2007;13839670
02/07/2007;21132104
03/07/2007;11643386
05/07/2007;16077277
06/07/2007;12284863
09/07/2007;17518744
10/07/2007;24640300
11/07/2007;21971546
12/07/2007;20082301
13/07/2007;18523900
16/07/2007;30804443
17/07/2007;53656098
18/07/2007;65141119
19/07/2007;29538470
20/07/2007;38058077
23/07/2007;26631459
24/07/2007;29027049
25/07/2007;21909270
26/07/2007;33433899
27/07/2007;35749713
30/07/2007;20980289
31/07/2007;21581479
01/08/2007;22042743
02/08/2007;21115726
03/08/2007;19703350
06/08/2007;28958449
07/08/2007;20086935
08/08/2007;17203280
09/08/2007;24059713
10/08/2007;22939798
13/08/2007;21318361
14/08/2007;18709661
15/08/2007;18769402
16/08/2007;29652202
17/08/2007;19529174
20/08/2007;13344499
21/08/2007;25962884
22/08/2007;18763603
23/08/2007;15605130
24/08/2007;11191004
27/08/2007;16532857
28/08/2007;18030525
29/08/2007;24602200
30/08/2007;18175976
31/08/2007;13051509
04/09/2007;43598591
05/09/2007;23070970
06/09/2007;13922033
07/09/2007;12575491
10/09/2007;15245907
11/09/2007;17207427
12/09/2007;16657500
13/09/2007;10308953
14/09/2007;28869069
17/09/2007;20593966
18/09/2007;28120976
19/09/2007;25867842
20/09/2007;17311921
21/09/2007;53062016
24/09/2007;27597784
25/09/2007;33721643
26/09/2007;18692574
27/09/2007;21365142
28/09/2007;22155590
01/10/2007;16938662
02/10/2007;15133362
03/10/2007;18052475
04/10/2007;19203587
05/10/2007;28389012
08/10/2007;15063431
09/10/2007;19541765
10/10/2007;14847071
11/10/2007;25301671
12/10/2007;22126995
15/10/2007;22994007
16/10/2007;56275242
17/10/2007;75067683
18/10/2007;28301621
19/10/2007;41929891
22/10/2007;27750065
23/10/2007;45406111
24/10/2007;33603080
25/10/2007;38711764
26/10/2007;65996497
29/10/2007;83685774
30/10/2007;52417261
31/10/2007;34761971
01/11/2007;26913236
02/11/2007;34090205
05/11/2007;43520259
06/11/2007;63664347
07/11/2007;57069799
08/11/2007;58160569
09/11/2007;45196011
12/11/2007;31264174
13/11/2007;34123220
14/11/2007;38183696
15/11/2007;27926541
16/11/2007;53025381
19/11/2007;33075317
20/11/2007;25680504
21/11/2007;23334690
23/11/2007;9254251
26/11/2007;24174574
27/11/2007;19486385
28/11/2007;23239286
29/11/2007;17936145
30/11/2007;23991490
03/12/2007;15254267
04/12/2007;14669443
05/12/2007;21170862
06/12/2007;19239798
07/12/2007;11445821
10/12/2007;26083319
11/12/2007;28579063
12/12/2007;20244566
13/12/2007;23798399
14/12/2007;15125452
17/12/2007;37877082
18/12/2007;27737563
19/12/2007;26547229
20/12/2007;21039176
21/12/2007;24194742
24/12/2007;24861780
26/12/2007;9821600
27/12/2007;16041411
28/12/2007;13772823
31/12/2007;14782802
02/01/2008;25679638
03/01/2008;20180678
04/01/2008;20746520
07/01/2008;24776652
08/01/2008;22979375
09/01/2008;46671231
10/01/2008;52347817
11/01/2008;27300582
14/01/2008;18554527
15/01/2008;31922960
16/01/2008;38159071
17/01/2008;28819471
18/01/2008;41239551
22/01/2008;38151676
23/01/2008;42066717
24/01/2008;39823218
25/01/2008;28386702
28/01/2008;32473101
29/01/2008;79229992
30/01/2008;115993273
31/01/2008;41449771
01/02/2008;438231658
04/02/2008;144813955
05/02/2008;68583658
06/02/2008;55648731
07/02/2008;44254807
08/02/2008;55614205
11/02/2008;67253668
12/02/2008;42445525
13/02/2008;57047609
14/02/2008;38052504
15/02/2008;40121528
19/02/2008;38682922
20/02/2008;29338735
21/02/2008;34681815
22/02/2008;26165022
25/02/2008;32474283
26/02/2008;26013635
27/02/2008;27664192
28/02/2008;30114941
29/02/2008;23860998
03/03/2008;22765564
04/03/2008;28305760
05/03/2008;30281592
06/03/2008;34591358
07/03/2008;28267874
10/03/2008;29708942
11/03/2008;22562475
12/03/2008;18338262
13/03/2008;75635930
14/03/2008;44392221
17/03/2008;33771836
18/03/2008;38074374
19/03/2008;23317490
20/03/2008;29866775
24/03/2008;17360918
25/03/2008;33909373
26/03/2008;15271433
27/03/2008;15558331
28/03/2008;34277213
31/03/2008;17228643
01/04/2008;20490559
02/04/2008;30180362
03/04/2008;14535864
04/04/2008;28400505
07/04/2008;29466634
08/04/2008;17943121
09/04/2008;31772757
10/04/2008;32784935
11/04/2008;18428376
14/04/2008;14163889
15/04/2008;12096517
16/04/2008;9208369
17/04/2008;10884712
18/04/2008;25286811
21/04/2008;18368695
22/04/2008;28563964
23/04/2008;31134372
24/04/2008;26038394
25/04/2008;50523030
28/04/2008;20874862
29/04/2008;36687414
30/04/2008;31034068
01/05/2008;52070971
02/05/2008;80177097
05/05/2008;279318380
06/05/2008;180099946
07/05/2008;84698246
08/05/2008;61308558
09/05/2008;30671629
12/05/2008;41333812
13/05/2008;81351150
14/05/2008;64571014
15/05/2008;79748699
16/05/2008;61318285
19/05/2008;57102239
20/05/2008;29450870
21/05/2008;38325690
22/05/2008;24737334
23/05/2008;24049156
27/05/2008;20703869
28/05/2008;21785576
29/05/2008;17913879
30/05/2008;17757556
02/06/2008;26379361
03/06/2008;26163005
04/06/2008;29982226
05/06/2008;30167214
06/06/2008;37756733
09/06/2008;17278276
10/06/2008;11855566
11/06/2008;13319677
12/06/2008;122412082
13/06/2008;118452097
16/06/2008;44711884
17/06/2008;22812770
18/06/2008;14259201
19/06/2008;19010833
20/06/2008;34603748
23/06/2008;29820158
24/06/2008;85211634
25/06/2008;19530849
26/06/2008;23998358
27/06/2008;30235393
30/06/2008;17176890
01/07/2008;36642977
02/07/2008;58444076
03/07/2008;21925845
07/07/2008;84245828
08/07/2008;34247737
09/07/2008;21990878
10/07/2008;18504346
11/07/2008;23141844
14/07/2008;22791375
15/07/2008;25742842
16/07/2008;20738639
17/07/2008;31947814
18/07/2008;23376756
21/07/2008;24645567
22/07/2008;29786466
23/07/2008;48279691
24/07/2008;24422422
25/07/2008;20404258
28/07/2008;13743075
29/07/2008;17023779
30/07/2008;25024542
31/07/2008;16629617
01/08/2008;19779344
04/08/2008;14065154
05/08/2008;14433100
06/08/2008;14699446
07/08/2008;14019474
08/08/2008;13640909
11/08/2008;12904605
12/08/2008;13885371
13/08/2008;11955920
14/08/2008;11108600
15/08/2008;14947563
18/08/2008;14867302
19/08/2008;12850979
20/08/2008;16426429
21/08/2008;16995734
22/08/2008;11087897
25/08/2008;13780395
26/08/2008;8773400
27/08/2008;9300533
28/08/2008;11730474
29/08/2008;11204920
02/09/2008;16949967
03/09/2008;11557585
04/09/2008;23904222
05/09/2008;17089048
08/09/2008;16447376
09/09/2008;25281261
10/09/2008;19623851
11/09/2008;28411150
12/09/2008;21308047
15/09/2008;32573381
16/09/2008;33905155
17/09/2008;28819253
18/09/2008;37295866
19/09/2008;31651648
22/09/2008;16917123
23/09/2008;20238831
24/09/2008;12768763
25/09/2008;14512098
26/09/2008;14925687
29/09/2008;39570218
30/09/2008;23684960
01/10/2008;13732072
02/10/2008;23421930
03/10/2008;27481354
06/10/2008;42866208
07/10/2008;27700255
08/10/2008;31660815
09/10/2008;40835391
10/10/2008;38704880
13/10/2008;26058804
14/10/2008;26926209
15/10/2008;27539269
16/10/2008;107745674
17/10/2008;38986394
20/10/2008;25010596
21/10/2008;28385441
22/10/2008;35670938
23/10/2008;27751277
24/10/2008;29721963
27/10/2008;16386302
28/10/2008;22809791
29/10/2008;21469129
30/10/2008;26757050
31/10/2008;24021680
03/11/2008;10396403
04/11/2008;25498962
05/11/2008;71290756
06/11/2008;44566410
07/11/2008;47293147
10/11/2008;16798879
11/11/2008;33299442
12/11/2008;29046620
13/11/2008;25228350
14/11/2008;19072373
17/11/2008;14625723
18/11/2008;51686506
19/11/2008;57696967
20/11/2008;37316961
21/11/2008;29909652
24/11/2008;22460258
25/11/2008;17614807
26/11/2008;13654705
28/11/2008;12453526
01/12/2008;26257579
02/12/2008;46296302
03/12/2008;24107924
04/12/2008;18458289
05/12/2008;20951743
08/12/2008;33785147
09/12/2008;28998182
10/12/2008;48058085
11/12/2008;27253771
12/12/2008;25069562
15/12/2008;20132017
16/12/2008;18551653
17/12/2008;13010312
18/12/2008;15012415
19/12/2008;17818719
22/12/2008;12958323
23/12/2008;7706839
24/12/2008;2507850
26/12/2008;3908236
29/12/2008;10472129
30/12/2008;7488864
31/12/2008;9090875
02/01/2009;10213787
05/01/2009;12029058
06/01/2009;10173926
07/01/2009;25302285
08/01/2009;14348008
09/01/2009;19317389
12/01/2009;19982579
13/01/2009;25769365
14/01/2009;24936727
15/01/2009;26155724
16/01/2009;24812398
20/01/2009;18700653
21/01/2009;15917576
22/01/2009;17199517
23/01/2009;15863989
26/01/2009;16699773
27/01/2009;33902972
28/01/2009;37038661
29/01/2009;24796263
30/01/2009;21523168
02/02/2009;21231852
03/02/2009;18673128
04/02/2009;22932775
05/02/2009;17574570
06/02/2009;17594185
09/02/2009;15686194
10/02/2009;24157045
11/02/2009;13729006
12/02/2009;15452612
13/02/2009;11134047
17/02/2009;15709768
18/02/2009;12434257
19/02/2009;12538054
20/02/2009;16479665
23/02/2009;16518466
24/02/2009;22528906
25/02/2009;16197381
26/02/2009;26573957
27/02/2009;20397659
02/03/2009;20932695
03/03/2009;16509694
04/03/2009;24083874
05/03/2009;18477409
06/03/2009;30997807
09/03/2009;23125091
10/03/2009;22733789
11/03/2009;17512327
12/03/2009;16684508
13/03/2009;12524502
16/03/2009;19452380
17/03/2009;17553386
18/03/2009;26331039
19/03/2009;25959109
20/03/2009;22081704
23/03/2009;18202651
24/03/2009;17439714
25/03/2009;16758515
26/03/2009;24230289
27/03/2009;22430236
30/03/2009;16561739
31/03/2009;12065933
01/04/2009;14542683
02/04/2009;28823034
03/04/2009;18539230
06/04/2009;11935651
07/04/2009;12306396
08/04/2009;11245081
09/04/2009;17286715
13/04/2009;35076505
14/04/2009;15160649
15/04/2009;12385282
16/04/2009;19156404
17/04/2009;19804602
20/04/2009;13477019
21/04/2009;54237647
22/04/2009;65407723
23/04/2009;32943107
24/04/2009;25802914
27/04/2009;22640555
28/04/2009;18861105
29/04/2009;16570838
30/04/2009;25883251
01/05/2009;23724750
04/05/2009;25094513
05/05/2009;35239690
06/05/2009;19105745
07/05/2009;24328416
08/05/2009;22464694
11/05/2009;39492329
12/05/2009;31403299
13/05/2009;23585317
14/05/2009;20841712
15/05/2009;22525850
18/05/2009;18629457
19/05/2009;13675966
20/05/2009;15787480
21/05/2009;15189453
22/05/2009;19150470
26/05/2009;19954446
27/05/2009;19014266
28/05/2009;19131516
29/05/2009;29560527
01/06/2009;27930696
02/06/2009;15288130
03/06/2009;26367679
04/06/2009;19003422
05/06/2009;17317653
08/06/2009;13692513
09/06/2009;13091109
10/06/2009;15771103
11/06/2009;15042278
12/06/2009;16971672
15/06/2009;23261700
16/06/2009;15122429
17/06/2009;16521210
18/06/2009;16189293
19/06/2009;20326040
22/06/2009;26495683
23/06/2009;15871209
24/06/2009;30986117
25/06/2009;19835546
26/06/2009;26456759
29/06/2009;12323984
30/06/2009;16039642
01/07/2009;12723625
02/07/2009;16920572
06/07/2009;13691597
07/07/2009;22027011
08/07/2009;15353613
09/07/2009;15601730
10/07/2009;23061132
13/07/2009;13179573
14/07/2009;13039836
15/07/2009;18816735
16/07/2009;21928540
17/07/2009;32514656
20/07/2009;27760787
21/07/2009;33601771
22/07/2009;53615437
23/07/2009;37524869
24/07/2009;19944657
27/07/2009;19951723
28/07/2009;36152567
29/07/2009;126807667
30/07/2009;100888920
31/07/2009;62659854
03/08/2009;43976838
04/08/2009;43084746
05/08/2009;50910089
06/08/2009;35659431
07/08/2009;28276698
10/08/2009;18359171
11/08/2009;17823142
12/08/2009;24256175
13/08/2009;40192992
14/08/2009;28817005
17/08/2009;29268240
18/08/2009;14799689
19/08/2009;15507192
20/08/2009;15586211
21/08/2009;23545970
24/08/2009;26170903
25/08/2009;22850538
26/08/2009;15845241
27/08/2009;30410988
28/08/2009;33924252
31/08/2009;15420443
01/09/2009;30623369
02/09/2009;23591415
03/09/2009;14663635
04/09/2009;17003839
08/09/2009;17714746
09/09/2009;19096259
10/09/2009;49083235
11/09/2009;26862553
14/09/2009;19451186
15/09/2009;64668146
16/09/2009;53594701
17/09/2009;62009941
18/09/2009;86412574
21/09/2009;26826877
22/09/2009;30592801
23/09/2009;36814269
24/09/2009;26502552
25/09/2009;20701373
28/09/2009;26415897
29/09/2009;31602212
30/09/2009;39880782
01/10/2009;24880103
02/10/2009;32685224
05/10/2009;22225889
06/10/2009;21430235
07/10/2009;12463817
08/10/2009;27966814
09/10/2009;29015624
12/10/2009;16913600
13/10/2009;19492421
14/10/2009;17511688
15/10/2009;24343376
16/10/2009;20486260
19/10/2009;17878001
20/10/2009;38320395
21/10/2009;46204426
22/10/2009;16018021
23/10/2009;17760359
26/10/2009;21215853
27/10/2009;19917748
28/10/2009;25048248
29/10/2009;39146661
30/10/2009;22321660
02/11/2009;15259155
03/11/2009;17242904
04/11/2009;18698223
05/11/2009;27738669
06/11/2009;13564585
09/11/2009;14837481
10/11/2009;24103570
11/11/2009;16352278
12/11/2009;10210238
13/11/2009;26453749
16/11/2009;26125285
17/11/2009;22256204
18/11/2009;12776236
19/11/2009;26890975
20/11/2009;16129962
23/11/2009;24502832
24/11/2009;19773958
25/11/2009;21370526
27/11/2009;11452844
30/11/2009;17589238
01/12/2009;17096457
02/12/2009;17807755
03/12/2009;17196452
04/12/2009;17578467
07/12/2009;18036602
08/12/2009;31160553
09/12/2009;25397825
10/12/2009;18743964
11/12/2009;22607415
14/12/2009;18087089
15/12/2009;13278173
16/12/2009;20640271
17/12/2009;26156659
18/12/2009;30021013
21/12/2009;17809025
22/12/2009;10634595
23/12/2009;23584894
24/12/2009;4736535
28/12/2009;11504227
29/12/2009;13450109
30/12/2009;8188504
31/12/2009;9517410
04/01/2010;16588957
05/01/2010;11718126
06/01/2010;16421960
07/01/2010;31816301
08/01/2010;15471074
11/01/2010;16185267
12/01/2010;15674461
13/01/2010;16961731
14/01/2010;16717061
15/01/2010;18415868
19/01/2010;15182984
20/01/2010;14421141
21/01/2010;21860505
22/01/2010;25135493
25/01/2010;19683693
26/01/2010;43979302
27/01/2010;41700911
28/01/2010;30159437
29/01/2010;39667312
01/02/2010;29865661
02/02/2010;27556624
03/02/2010;24730564
04/02/2010;27668017
05/02/2010;20713744
08/02/2010;19856359
09/02/2010;16716845
10/02/2010;36518008
11/02/2010;24510127
12/02/2010;18929239
16/02/2010;21453147
17/02/2010;12732860
18/02/2010;13704778
19/02/2010;15409017
22/02/2010;10463698
23/02/2010;18347050
24/02/2010;19285254
25/02/2010;20128844
26/02/2010;14975622
01/03/2010;17239356
02/03/2010;20102047
03/03/2010;20614299
04/03/2010;22906138
05/03/2010;21423373
08/03/2010;30559715
09/03/2010;20760273
10/03/2010;33089430
11/03/2010;21732897
12/03/2010;23107144
15/03/2010;18967703
16/03/2010;18312751
17/03/2010;13754520
18/03/2010;12628443
19/03/2010;17870954
22/03/2010;18748282
23/03/2010;31882415
24/03/2010;32722173
25/03/2010;27488975
26/03/2010;23224833
29/03/2010;14903382
30/03/2010;16204015
31/03/2010;11997247
05/04/2010;9226094
06/04/2010;25696677
07/04/2010;19926465
08/04/2010;45369131
09/04/2010;47732998
12/04/2010;22832954
13/04/2010;47517352
14/04/2010;41028485
15/04/2010;60024643
16/04/2010;51429557
19/04/2010;26973420
20/04/2010;39171899
21/04/2010;71686144
22/04/2010;36235595
23/04/2010;18902572
26/04/2010;17369309
27/04/2010;22851487
28/04/2010;26462001
29/04/2010;16792947
30/04/2010;19688119
03/05/2010;18162340
04/05/2010;31382682
05/05/2010;23004199
06/05/2010;32125771
07/05/2010;43940960
10/05/2010;28108743
11/05/2010;27796495
12/05/2010;16405838
13/05/2010;15363798
14/05/2010;28111343
17/05/2010;21951966
18/05/2010;16189395
19/05/2010;20485791
20/05/2010;33788983
21/05/2010;31215253
24/05/2010;20116748
25/05/2010;27856298
26/05/2010;33663236
27/05/2010;31095264
28/05/2010;17626562
01/06/2010;30475455
02/06/2010;24996434
03/06/2010;28401931
04/06/2010;23606399
07/06/2010;19153152
08/06/2010;35500617
09/06/2010;18110456
10/06/2010;21249060
11/06/2010;14056715
14/06/2010;12498282
15/06/2010;13891667
16/06/2010;15922252
17/06/2010;10769222
18/06/2010;12767019
21/06/2010;20412770
22/06/2010;22419941
23/06/2010;13374351
24/06/2010;18300774
25/06/2010;29818499
28/06/2010;8252794
29/06/2010;31829700
30/06/2010;23920621
01/07/2010;33223141
02/07/2010;18567191
06/07/2010;17337419
07/07/2010;17421765
08/07/2010;17089452
09/07/2010;12683147
12/07/2010;15587186
13/07/2010;22328766
14/07/2010;12255690
15/07/2010;12626558
16/07/2010;16829741
19/07/2010;16168200
20/07/2010;29578247
21/07/2010;78035738
22/07/2010;42677531
23/07/2010;34318352
26/07/2010;23247802
27/07/2010;20973423
28/07/2010;13522529
29/07/2010;16702993
30/07/2010;18380348
02/08/2010;14167113
03/08/2010;14098558
04/08/2010;14298334
05/08/2010;13076154
06/08/2010;13394783
09/08/2010;12204084
10/08/2010;9657902
11/08/2010;13243119
12/08/2010;11662419
13/08/2010;7845583
16/08/2010;11416375
17/08/2010;13298852
18/08/2010;15540269
19/08/2010;14100653
20/08/2010;17192752
23/08/2010;12297592
24/08/2010;13426732
25/08/2010;15560748
26/08/2010;14602686
27/08/2010;12705926
30/08/2010;7120822
31/08/2010;16489625
01/09/2010;24616666
02/09/2010;18190184
03/09/2010;12478411
07/09/2010;10240564
08/09/2010;12102685
09/09/2010;17735433
10/09/2010;18590129
13/09/2010;24261381
14/09/2010;23071935
15/09/2010;90037963
16/09/2010;27281440
17/09/2010;79565378
20/09/2010;26684166
21/09/2010;32428794
22/09/2010;18567436
23/09/2010;16931677
24/09/2010;24154784
27/09/2010;20678053
28/09/2010;16074055
29/09/2010;24475653
30/09/2010;20376105
01/10/2010;16096442
04/10/2010;20557468
05/10/2010;23991894
06/10/2010;20296970
07/10/2010;18068508
08/10/2010;16102825
11/10/2010;8348179
12/10/2010;12465695
13/10/2010;50773328
14/10/2010;123448885
15/10/2010;58481713
18/10/2010;36320900
19/10/2010;32678524
20/10/2010;37790173
21/10/2010;26935486
22/10/2010;24268983
25/10/2010;17256584
26/10/2010;22348956
27/10/2010;13771586
28/10/2010;12689468
29/10/2010;16013622
01/11/2010;14362454
02/11/2010;9966887
03/11/2010;17325434
04/11/2010;26488258
05/11/2010;13413950
08/11/2010;15569519
09/11/2010;56225700
10/11/2010;17012581
11/11/2010;15312871
12/11/2010;17703316
15/11/2010;18934576
16/11/2010;23493653
17/11/2010;10311449
18/11/2010;46508945
19/11/2010;24036919
22/11/2010;14316867
23/11/2010;22947788
24/11/2010;11743360
26/11/2010;4953838
29/11/2010;14655612
30/11/2010;24981083
01/12/2010;17435891
02/12/2010;13349228
03/12/2010;9227938
06/12/2010;12063757
07/12/2010;29062471
08/12/2010;21773286
09/12/2010;8676910
10/12/2010;8985247
13/12/2010;12755317
14/12/2010;11601566
15/12/2010;10944181
16/12/2010;12943978
17/12/2010;24896080
20/12/2010;17566329
21/12/2010;11394674
22/12/2010;6769290
23/12/2010;9062905
27/12/2010;7492301
28/12/2010;8394174
29/12/2010;7668537
30/12/2010;8320832
31/12/2010;7760301
03/01/2011;17689296
04/01/2011;11098025
05/01/2011;23447604
06/01/2011;30666738
07/01/2011;19872124
10/01/2011;16176687
11/01/2011;14615651
12/01/2011;15073536
13/01/2011;15967199
14/01/2011;13593476
18/01/2011;21393613
19/01/2011;17129910
20/01/2011;14622699
21/01/2011;23372818
24/01/2011;23375261
25/01/2011;26673037
26/01/2011;49690763
27/01/2011;39066928
28/01/2011;24736190
31/01/2011;22911363
01/02/2011;26938822
02/02/2011;21106744
03/02/2011;33314581
04/02/2011;19127852
07/02/2011;16046409
08/02/2011;17931945
09/02/2011;17785773
10/02/2011;15430411
11/02/2011;15386260
14/02/2011;14502978
15/02/2011;31404844
16/02/2011;41824091
17/02/2011;23566561
18/02/2011;13735059
22/02/2011;34768084
23/02/2011;35225045
24/02/2011;31570331
25/02/2011;16939515
28/02/2011;20210206
01/03/2011;16702757
02/03/2011;24529436
03/03/2011;35202055
04/03/2011;20275511
07/03/2011;18772057
08/03/2011;12720392
09/03/2011;33807594
10/03/2011;25673067
11/03/2011;19455986
14/03/2011;21584294
15/03/2011;51489231
16/03/2011;38378465
17/03/2011;37553865
18/03/2011;26660302
21/03/2011;20617035
22/03/2011;30699780
23/03/2011;30842481
24/03/2011;20124174
25/03/2011;21047284
28/03/2011;16070924
29/03/2011;10041057
30/03/2011;12947119
31/03/2011;15343678
01/04/2011;12487345
04/04/2011;9568617
05/04/2011;18465120
06/04/2011;13301365
07/04/2011;12780605
08/04/2011;13118860
11/04/2011;34843436
12/04/2011;20169513
13/04/2011;16700363
14/04/2011;16599422
15/04/2011;14757143
18/04/2011;21940555
19/04/2011;31547353
20/04/2011;34319601
21/04/2011;13986685
25/04/2011;17775506
26/04/2011;20041256
27/04/2011;16642364
28/04/2011;14415572
29/04/2011;30793842
02/05/2011;44036368
03/05/2011;32627501
04/05/2011;23586923
05/05/2011;30757348
06/05/2011;29694530
09/05/2011;15597465
10/05/2011;18475072
11/05/2011;131204310
12/05/2011;52984629
13/05/2011;120057586
16/05/2011;62094516
17/05/2011;31576416
18/05/2011;25880177
19/05/2011;40356311
20/05/2011;23582606
23/05/2011;19252089
24/05/2011;23153010
25/05/2011;34172563
26/05/2011;24006941
27/05/2011;20096766
31/05/2011;30266543
01/06/2011;40295512
02/06/2011;21009877
03/06/2011;22245115
06/06/2011;18203316
07/06/2011;16516039
08/06/2011;21989431
09/06/2011;18682381
10/06/2011;19455054
13/06/2011;14582698
14/06/2011;21995251
15/06/2011;41286143
16/06/2011;24453688
17/06/2011;23004121
20/06/2011;32653383
21/06/2011;17508751
22/06/2011;30154648
23/06/2011;32524673
24/06/2011;25343733
27/06/2011;13837583
28/06/2011;16059227
29/06/2011;25468150
30/06/2011;34906399
01/07/2011;16273522
05/07/2011;20482062
06/07/2011;18290651
07/07/2011;20992401
08/07/2011;14366237
11/07/2011;21487664
12/07/2011;22793682
13/07/2011;16646489
14/07/2011;27086009
15/07/2011;19746861
18/07/2011;24504779
19/07/2011;30168131
20/07/2011;63098312
21/07/2011;30493456
22/07/2011;30144780
25/07/2011;16733449
26/07/2011;20935946
27/07/2011;20560126
28/07/2011;20636427
29/07/2011;67798407
01/08/2011;26879954
02/08/2011;35799512
03/08/2011;26163350
04/08/2011;39442225
05/08/2011;47067433
08/08/2011;59577539
09/08/2011;47486551
10/08/2011;48033973
11/08/2011;51100217
12/08/2011;48476111
15/08/2011;25686333
16/08/2011;25583139
17/08/2011;17008048
18/08/2011;30448815
19/08/2011;26185753
22/08/2011;14199711
23/08/2011;17187326
24/08/2011;24968556
25/08/2011;21811729
26/08/2011;35884143
29/08/2011;31000622
30/08/2011;29165003
31/08/2011;25391661
01/09/2011;17962631
02/09/2011;20509323
06/09/2011;54455285
07/09/2011;77329448
08/09/2011;93971939
09/09/2011;60031868
12/09/2011;32700733
13/09/2011;19930223
14/09/2011;37389606
15/09/2011;58585016
16/09/2011;56827817
19/09/2011;27290058
20/09/2011;21773998
21/09/2011;32018137
22/09/2011;60456273
23/09/2011;49333116
26/09/2011;24472226
27/09/2011;25093844
28/09/2011;21284688
29/09/2011;45782189
30/09/2011;30536073
03/10/2011;43196239
04/10/2011;44487200
05/10/2011;97330173
06/10/2011;49961022
07/10/2011;27953928
10/10/2011;33084934
11/10/2011;18050274
12/10/2011;20585382
13/10/2011;32487269
14/10/2011;23520095
17/10/2011;21203976
18/10/2011;31377900
19/10/2011;54264451
20/10/2011;40816828
21/10/2011;29739367
24/10/2011;29863977
25/10/2011;24059657
26/10/2011;23638309
27/10/2011;19772114
28/10/2011;20286809
31/10/2011;39763681
01/11/2011;41840623
02/11/2011;20763401
03/11/2011;16818633
04/11/2011;41852983
07/11/2011;22390612
08/11/2011;25079636
09/11/2011;45328226
10/11/2011;15370968
11/11/2011;14546140
14/11/2011;14282098
15/11/2011;17654973
16/11/2011;14367517
17/11/2011;17446292
18/11/2011;17163991
21/11/2011;23678060
22/11/2011;14840160
23/11/2011;20130023
25/11/2011;10781728
28/11/2011;19028944
29/11/2011;29293943
30/11/2011;34718122
01/12/2011;47059601
02/12/2011;22714425
05/12/2011;19896492
06/12/2011;17340776
07/12/2011;19755597
08/12/2011;18132201
09/12/2011;13454360
12/12/2011;14697373
13/12/2011;15584324
14/12/2011;27251044
15/12/2011;14830947
16/12/2011;32625191
19/12/2011;21455793
20/12/2011;15891438
21/12/2011;47127515
22/12/2011;33812755
23/12/2011;17865886
27/12/2011;9739471
28/12/2011;14679805
29/12/2011;15284347
30/12/2011;10840889
03/01/2012;19712161
04/01/2012;35655206
05/01/2012;19423687
06/01/2012;13313562
09/01/2012;13194246
10/01/2012;14050506
11/01/2012;10805281
12/01/2012;12665998
13/01/2012;11714125
17/01/2012;15334125
18/01/2012;35701899
19/01/2012;22646529
20/01/2012;22008252
23/01/2012;17872169
24/01/2012;17152110
25/01/2012;23352777
26/01/2012;15409950
27/01/2012;10866737
30/01/2012;11076828
31/01/2012;10731010
01/02/2012;13223197
02/02/2012;9948709
03/02/2012;13659221
06/02/2012;11291206
07/02/2012;13504418
08/02/2012;13448816
09/02/2012;22550991
10/02/2012;27796352
13/02/2012;10067290
14/02/2012;88675936
15/02/2012;25318327
16/02/2012;15377354
17/02/2012;22898691
21/02/2012;29698052
22/02/2012;27189767
23/02/2012;15695712
24/02/2012;12111859
27/02/2012;13434112
28/02/2012;15399842
29/02/2012;19616656
01/03/2012;12286079
02/03/2012;9168834
05/03/2012;11753807
06/03/2012;12696860
07/03/2012;10623336
08/03/2012;11273272
09/03/2012;9772432
12/03/2012;11309159
13/03/2012;17134337
14/03/2012;14767830
15/03/2012;19810763
16/03/2012;28343137
19/03/2012;16650135
20/03/2012;22189645
21/03/2012;25025789
22/03/2012;14619861
23/03/2012;8495792
26/03/2012;11500800
27/03/2012;11893220
28/03/2012;18835377
29/03/2012;9934764
30/03/2012;15516149
02/04/2012;14423746
03/04/2012;18217862
04/04/2012;20958443
05/04/2012;11719364
09/04/2012;11335915
10/04/2012;15287467
11/04/2012;11208690
12/04/2012;9487715
13/04/2012;15336610
16/04/2012;13639142
17/04/2012;20558906
18/04/2012;36562348
19/04/2012;18436172
20/04/2012;24560459
23/04/2012;21683640
24/04/2012;12140621
25/04/2012;13236914
26/04/2012;12543229
27/04/2012;9711543
30/04/2012;10895462
01/05/2012;9799226
02/05/2012;10840951
03/05/2012;10934219
04/05/2012;13771297
07/05/2012;13467153
08/05/2012;18604517
09/05/2012;19009078
10/05/2012;11175681
11/05/2012;21134710
14/05/2012;30819739
15/05/2012;13743166
16/05/2012;17247303
17/05/2012;17347626
18/05/2012;32684254
21/05/2012;51152115
22/05/2012;33543631
23/05/2012;18115269
24/05/2012;13879511
25/05/2012;13629383
29/05/2012;18465318
30/05/2012;14925544
31/05/2012;17161481
01/06/2012;16202329
04/06/2012;15479055
05/06/2012;9725441
06/06/2012;18300693
07/06/2012;12643619
08/06/2012;16422357
11/06/2012;17147687
12/06/2012;17012443
13/06/2012;16456268
14/06/2012;11612611
15/06/2012;11716895
18/06/2012;9659149
19/06/2012;10638148
20/06/2012;11260690
21/06/2012;13102879
22/06/2012;11042683
25/06/2012;13383517
26/06/2012;13640323
27/06/2012;11262245
28/06/2012;12479185
29/06/2012;13503678
02/07/2012;7226555
03/07/2012;8149095
05/07/2012;11440727
06/07/2012;12152459
09/07/2012;10375997
10/07/2012;15935347
11/07/2012;16482409
12/07/2012;18393087
13/07/2012;11812343
16/07/2012;14982860
17/07/2012;30596263
18/07/2012;19270605
19/07/2012;15986396
20/07/2012;16924563
23/07/2012;14830343
24/07/2012;19735369
25/07/2012;15091987
26/07/2012;11033661
27/07/2012;14223828
30/07/2012;10192503
31/07/2012;13755427
01/08/2012;14008607
02/08/2012;12902378
03/08/2012;9140791
06/08/2012;8803878
07/08/2012;17283419
08/08/2012;7378932
09/08/2012;8613072
10/08/2012;61987221
13/08/2012;20851945
14/08/2012;29656316
15/08/2012;20686423
16/08/2012;24971962
17/08/2012;19642099
20/08/2012;11194117
21/08/2012;27934619
22/08/2012;9168303
23/08/2012;12463304
24/08/2012;8652104
27/08/2012;10054851
28/08/2012;12706969
29/08/2012;21113540
30/08/2012;10699035
31/08/2012;11619892
04/09/2012;18817862
05/09/2012;21119186
06/09/2012;18012160
07/09/2012;12989548
10/09/2012;10520157
11/09/2012;8036541
12/09/2012;22011568
13/09/2012;12137432
14/09/2012;17642707
17/09/2012;11697613
18/09/2012;42449580
19/09/2012;30681508
20/09/2012;18171483
21/09/2012;49167303
24/09/2012;23019885
25/09/2012;22967461
26/09/2012;12784023
27/09/2012;24422945
28/09/2012;19745026
01/10/2012;20601816
02/10/2012;13697647
03/10/2012;20401128
04/10/2012;17283895
05/10/2012;9241450
08/10/2012;11737684
09/10/2012;14110480
10/10/2012;14548319
11/10/2012;12972955
12/10/2012;12239289
15/10/2012;20786501
16/10/2012;20575765
17/10/2012;19571271
18/10/2012;26362626
19/10/2012;32893703
22/10/2012;32287973
23/10/2012;71575349
24/10/2012;25119645
25/10/2012;23081647
26/10/2012;23378731
31/10/2012;21058756
01/11/2012;19772272
02/11/2012;27572853
05/11/2012;31857694
06/11/2012;26321673
07/11/2012;24349034
08/11/2012;20329082
09/11/2012;23832307
12/11/2012;22364200
13/11/2012;29018362
14/11/2012;36405137
15/11/2012;35658904
16/11/2012;31017481
19/11/2012;32997005
20/11/2012;26228324
21/11/2012;19586186
23/11/2012;7714732
26/11/2012;34042638
27/11/2012;29330447
28/11/2012;30314196
29/11/2012;27259785
30/11/2012;24075241
03/12/2012;29606118
04/12/2012;30727223
05/12/2012;24739122
06/12/2012;25316990
07/12/2012;19160066
10/12/2012;24134198
11/12/2012;19049410
12/12/2012;22899740
13/12/2012;20456342
14/12/2012;19580359
17/12/2012;14761469
18/12/2012;17094745
19/12/2012;12351843
20/12/2012;24578731
21/12/2012;32728510
24/12/2012;11433722
26/12/2012;9376343
27/12/2012;13999901
28/12/2012;16671289
31/12/2012;20653511
02/01/2013;20463033
03/01/2013;19599094
04/01/2013;12489700
07/01/2013;23866609
08/01/2013;16932176
09/01/2013;21656278
10/01/2013;30646950
11/01/2013;21553648
14/01/2013;13828732
15/01/2013;16087934
16/01/2013;33298552
17/01/2013;14509082
18/01/2013;13535091
22/01/2013;13875669
23/01/2013;13858734
24/01/2013;13712078
25/01/2013;14954292
28/01/2013;39509704
29/01/2013;57652249
30/01/2013;36574614
31/01/2013;34979241
01/02/2013;27615656
04/02/2013;23906430
05/02/2013;13561048
06/02/2013;15392206
07/02/2013;24713591
08/02/2013;22251078
11/02/2013;22091427
12/02/2013;27753077
13/02/2013;18799970
14/02/2013;12817857
15/02/2013;12591323
19/02/2013;16672068
20/02/2013;14444402
21/02/2013;13298052
22/02/2013;13675866
25/02/2013;13336119
26/02/2013;14038337
27/02/2013;15697992
28/02/2013;18876805
01/03/2013;33776653
04/03/2013;30074277
05/03/2013;30497359
06/03/2013;15194256
07/03/2013;12886148
08/03/2013;10586614
11/03/2013;16493882
12/03/2013;12013704
13/03/2013;13957535
14/03/2013;12804383
15/03/2013;33559591
18/03/2013;15071629
19/03/2013;12847240
20/03/2013;18095391
21/03/2013;24723214
22/03/2013;18062036
25/03/2013;23139127
26/03/2013;16893118
27/03/2013;13945214
28/03/2013;17612371
01/04/2013;12344323
02/04/2013;14732283
03/04/2013;14934252
04/04/2013;12523231
05/04/2013;14244036
08/04/2013;9998822
09/04/2013;14773881
10/04/2013;17284863
11/04/2013;12367971
12/04/2013;13342886
15/04/2013;28132812
16/04/2013;30877416
17/04/2013;45154649
18/04/2013;25823399
19/04/2013;17860178
22/04/2013;15540284
23/04/2013;16720491
24/04/2013;15143316
25/04/2013;17298912
26/04/2013;19578899
29/04/2013;12535121
30/04/2013;10097124
01/05/2013;11076495
02/05/2013;10652699
03/05/2013;11518932
06/05/2013;11991366
07/05/2013;25883101
08/05/2013;24967497
09/05/2013;11186968
10/05/2013;16240050
13/05/2013;15809984
14/05/2013;14828685
15/05/2013;21963768
16/05/2013;18193576
17/05/2013;14889255
20/05/2013;25099093
21/05/2013;14891816
22/05/2013;16049205
23/05/2013;23389519
24/05/2013;14974345
28/05/2013;19021175
29/05/2013;18741747
30/05/2013;12916152
31/05/2013;23995914
03/06/2013;16454998
04/06/2013;13218221
05/06/2013;14272384
06/06/2013;13562567
07/06/2013;16949819
10/06/2013;15854401
11/06/2013;10046201
12/06/2013;11922810
13/06/2013;9764435
14/06/2013;7372671
17/06/2013;10289754
18/06/2013;9711376
19/06/2013;11404001
20/06/2013;19115437
21/06/2013;24574056
24/06/2013;37007539
25/06/2013;18888350
26/06/2013;12583718
27/06/2013;14489973
28/06/2013;26774731
01/07/2013;10679324
02/07/2013;10132023
03/07/2013;6059036
05/07/2013;11097418
08/07/2013;10478593
09/07/2013;17567705
10/07/2013;15103299
11/07/2013;17590926
12/07/2013;17320013
15/07/2013;16674735
16/07/2013;31375110
17/07/2013;83791379
18/07/2013;35025566
19/07/2013;20756878
22/07/2013;46046390
23/07/2013;25923397
24/07/2013;22747570
25/07/2013;20162969
26/07/2013;11918658
29/07/2013;11095710
30/07/2013;10337715
31/07/2013;20920526
01/08/2013;13157511
02/08/2013;11863388
05/08/2013;7842782
06/08/2013;10951644
07/08/2013;9450679
08/08/2013;8935747
09/08/2013;13051223
12/08/2013;16566758
13/08/2013;14894340
14/08/2013;8474490
15/08/2013;14220326
16/08/2013;14825450
19/08/2013;11875960
20/08/2013;10708746
21/08/2013;8793589
22/08/2013;15728588
23/08/2013;13192856
26/08/2013;9754343
27/08/2013;14549473
28/08/2013;9603606
29/08/2013;13912316
30/08/2013;16344332
03/09/2013;14593875
04/09/2013;8884346
05/09/2013;8991862
06/09/2013;10810569
09/09/2013;21177911
10/09/2013;13007522
11/09/2013;10284043
12/09/2013;22060634
13/09/2013;13838827
16/09/2013;15817078
17/09/2013;10499639
18/09/2013;15574143
19/09/2013;12795013
20/09/2013;14934468
23/09/2013;15738158
24/09/2013;27820580
25/09/2013;19146534
26/09/2013;39233678
27/09/2013;31791543
30/09/2013;30065801
01/10/2013;28180896
02/10/2013;21637424
03/10/2013;23263879
04/10/2013;23950214
07/10/2013;15448721
08/10/2013;42914643
09/10/2013;33509655
10/10/2013;23448116
11/10/2013;17012313
14/10/2013;17613965
15/10/2013;42773930
16/10/2013;44820000
17/10/2013;25229702
18/10/2013;24631231
21/10/2013;17776670
22/10/2013;17557544
23/10/2013;15931696
24/10/2013;15086728
25/10/2013;22295863
28/10/2013;18325684
29/10/2013;29349210
30/10/2013;14292323
31/10/2013;15301928
01/11/2013;15205446
04/11/2013;15779977
05/11/2013;13473928
06/11/2013;10833341
07/11/2013;16861276
08/11/2013;15088528
11/11/2013;15846795
12/11/2013;18227643
13/11/2013;21359387
14/11/2013;21411438
15/11/2013;15615672
18/11/2013;19070025
19/11/2013;14955251
20/11/2013;32439819
21/11/2013;26425032
22/11/2013;13247491
25/11/2013;15162027
26/11/2013;10465835
27/11/2013;10427468
29/11/2013;6455449
02/12/2013;11572971
03/12/2013;14098274
04/12/2013;26139671
05/12/2013;27662040
06/12/2013;22214980
09/12/2013;14386280
10/12/2013;25479739
11/12/2013;20915231
12/12/2013;16184592
13/12/2013;13778135
16/12/2013;11442019
17/12/2013;9842006
18/12/2013;16843999
19/12/2013;10709223
20/12/2013;24640437
23/12/2013;7447870
24/12/2013;5113890
26/12/2013;7367580
27/12/2013;6139538
30/12/2013;8678033
31/12/2013;8292761
02/01/2014;21514650
03/01/2014;15761243
06/01/2014;12472724
07/01/2014;14141112
08/01/2014;18657195
09/01/2014;12901538
10/01/2014;8735111
13/01/2014;16077579
14/01/2014;14483650
15/01/2014;9496963
16/01/2014;16369873
17/01/2014;19715653
21/01/2014;21456541
22/01/2014;13007162
23/01/2014;15415995
24/01/2014;26397474
27/01/2014;26781826
28/01/2014;40959832
29/01/2014;67251138
30/01/2014;32259716
31/01/2014;30079743
03/02/2014;22198978
04/02/2014;21083516
05/02/2014;14045078
06/02/2014;14254993
07/02/2014;16211778
10/02/2014;17649366
11/02/2014;18352744
12/02/2014;14100624
13/02/2014;12097661
14/02/2014;9987016
18/02/2014;12108044
19/02/2014;15879229
20/02/2014;11157331
21/02/2014;12374189
24/02/2014;15751470
25/02/2014;9780179
26/02/2014;15782073
27/02/2014;15502836
28/02/2014;16959582
03/03/2014;14716892
04/03/2014;16210318
05/03/2014;12577767
06/03/2014;10627201
07/03/2014;14496345
10/03/2014;11852464
11/03/2014;12609199
12/03/2014;14796607
13/03/2014;21179684
14/03/2014;30862258
17/03/2014;29698333
18/03/2014;16934679
19/03/2014;19324633
20/03/2014;19516969
21/03/2014;16047736
24/03/2014;29588953
25/03/2014;31715098
26/03/2014;20938842
27/03/2014;21931189
28/03/2014;18292877
31/03/2014;15153177
01/04/2014;15740178
02/04/2014;14522757
03/04/2014;16827786
04/04/2014;41049936
07/04/2014;47770153
08/04/2014;35486149
09/04/2014;21651156
10/04/2014;34024920
11/04/2014;28046499
14/04/2014;26328104
15/04/2014;50600434
16/04/2014;61599130
17/04/2014;28937796
21/04/2014;16694082
22/04/2014;17919151
23/04/2014;19051726
24/04/2014;17242261
25/04/2014;19401602
28/04/2014;31019208
29/04/2014;28736015
30/04/2014;23341461
01/05/2014;19483326
02/05/2014;22454080
05/05/2014;13129126
06/05/2014;19155997
07/05/2014;66062698
08/05/2014;30416697
09/05/2014;20303364
12/05/2014;22526056
13/05/2014;12477062
14/05/2014;17043751
15/05/2014;18879817
16/05/2014;18847816
19/05/2014;14845688
20/05/2014;18596674
21/05/2014;13806157
22/05/2014;17522804
23/05/2014;16294355
27/05/2014;13057022
28/05/2014;16968014
29/05/2014;9786693
30/05/2014;13172341
02/06/2014;9178919
03/06/2014;6559502
04/06/2014;9437152
05/06/2014;11192802
06/06/2014;18707170
09/06/2014;14390635
10/06/2014;9182789
11/06/2014;13321532
12/06/2014;12466116
13/06/2014;12926290
16/06/2014;32432336
17/06/2014;24410344
18/06/2014;17840739
19/06/2014;16202889
20/06/2014;21605807
23/06/2014;26206360
24/06/2014;14599441
25/06/2014;18078594
26/06/2014;16011144
27/06/2014;25503598
30/06/2014;20504594
01/07/2014;18609624
02/07/2014;16541220
03/07/2014;8604897
07/07/2014;15716826
08/07/2014;23096942
09/07/2014;12626878
10/07/2014;18073988
11/07/2014;18379520
14/07/2014;18688503
15/07/2014;36531319
16/07/2014;56334325
17/07/2014;37535921
18/07/2014;21540895
21/07/2014;18430966
22/07/2014;18155010
23/07/2014;38622473
24/07/2014;47391036
25/07/2014;20143754
28/07/2014;14608445
29/07/2014;11579939
30/07/2014;29876731
31/07/2014;17937437
01/08/2014;14576634
04/08/2014;13101158
05/08/2014;17636353
06/08/2014;11771081
07/08/2014;11309570
08/08/2014;10593699
11/08/2014;8668697
12/08/2014;12908754
13/08/2014;16532304
14/08/2014;8927348
15/08/2014;13338864
18/08/2014;20153176
19/08/2014;17093691
20/08/2014;12670259
21/08/2014;12259957
22/08/2014;14881982
25/08/2014;14363750
26/08/2014;9518319
27/08/2014;24842992
28/08/2014;16490617
29/08/2014;11634053
02/09/2014;19803320
03/09/2014;16092865
04/09/2014;14763280
05/09/2014;26200419
08/09/2014;75520239
09/09/2014;52683044
10/09/2014;30741841
11/09/2014;25238647
12/09/2014;69745453
15/09/2014;72409929
16/09/2014;61490721
17/09/2014;39495493
18/09/2014;93702110
19/09/2014;233872064
22/09/2014;109217104
23/09/2014;66105317
24/09/2014;49014117
25/09/2014;35916539
26/09/2014;62189221
29/09/2014;35883250
30/09/2014;30386474
01/10/2014;35172913
02/10/2014;24586296
03/10/2014;38191731
06/10/2014;23576115
07/10/2014;22538270
08/10/2014;26593545
09/10/2014;33527362
10/10/2014;36771499
13/10/2014;38841896
14/10/2014;38514315
15/10/2014;41973475
16/10/2014;27003790
17/10/2014;24106967
20/10/2014;17802353
21/10/2014;41955183
22/10/2014;69348875
23/10/2014;30653430
24/10/2014;33805840
27/10/2014;36596516
28/10/2014;36889271
29/10/2014;25389077
30/10/2014;16209593
31/10/2014;18446804
03/11/2014;17181473
04/11/2014;25051512
05/11/2014;33021461
06/11/2014;22636010
07/11/2014;24166738
10/11/2014;24730345
11/11/2014;31586346
12/11/2014;30564680
13/11/2014;35519193
14/11/2014;28824673
17/11/2014;38392761
18/11/2014;26847315
19/11/2014;29260010
20/11/2014;28916007
21/11/2014;22226984
24/11/2014;14643538
25/11/2014;14219593
26/11/2014;13434021
28/11/2014;8913738
01/12/2014;23146896
02/12/2014;16300591
03/12/2014;14235962
04/12/2014;12157548
05/12/2014;15418123
08/12/2014;18190065
09/12/2014;19655554
10/12/2014;16184119
11/12/2014;21100184
12/12/2014;20370512
15/12/2014;18132508
16/12/2014;21399337
17/12/2014;17112312
18/12/2014;15338945
19/12/2014;24110189
22/12/2014;24021105
23/12/2014;15514036
24/12/2014;5962870
26/12/2014;5170048
29/12/2014;6624489
30/12/2014;10703455
31/12/2014;9305013
02/01/2015;11924473
05/01/2015;14389308
06/01/2015;16204304
07/01/2015;11788031
08/01/2015;14704771
09/01/2015;7466080
12/01/2015;10170666
13/01/2015;21605213
14/01/2015;15911618
15/01/2015;17125956
16/01/2015;14681801
20/01/2015;15845928
21/01/2015;16305119
22/01/2015;12647359
23/01/2015;14294255
26/01/2015;18976403
27/01/2015;45777217
28/01/2015;84839719
29/01/2015;74370078
30/01/2015;36033624
02/02/2015;20305674
03/02/2015;16985939
04/02/2015;16281358
05/02/2015;18414547
06/02/2015;16063549
09/02/2015;15507556
10/02/2015;12160820
11/02/2015;9791084
12/02/2015;18158218
13/02/2015;13785848
17/02/2015;12798419
18/02/2015;10410703
19/02/2015;13300954
20/02/2015;12036197
23/02/2015;12129068
24/02/2015;9797541
25/02/2015;17922930
26/02/2015;9223805
27/02/2015;10044181
02/03/2015;11027285
03/03/2015;22392372
04/03/2015;30098498
05/03/2015;11867708
06/03/2015;11888005
09/03/2015;11801922
10/03/2015;10600679
11/03/2015;10007342
12/03/2015;8384782
13/03/2015;9087016
16/03/2015;11376422
17/03/2015;9656186
18/03/2015;18919901
19/03/2015;14758038
20/03/2015;14194173
23/03/2015;8268845
24/03/2015;7559051
25/03/2015;14036860
26/03/2015;16162914
27/03/2015;20563454
30/03/2015;8884305
31/03/2015;10415517
01/04/2015;14722317
02/04/2015;12229373
06/04/2015;10717027
07/04/2015;11381967
08/04/2015;16071037
09/04/2015;13677977
10/04/2015;8436364
13/04/2015;8837319
14/04/2015;12365803
15/04/2015;15039608
16/04/2015;13833073
17/04/2015;13591630
20/04/2015;10228743
21/04/2015;18617935
22/04/2015;32284344
23/04/2015;14298850
24/04/2015;11281077
27/04/2015;10855436
28/04/2015;7197050
29/04/2015;12712589
30/04/2015;14257852
01/05/2015;10467625
04/05/2015;14483788
05/05/2015;19377115
06/05/2015;13976326
07/05/2015;28213841
08/05/2015;15750163
11/05/2015;11509641
12/05/2015;14264830
13/05/2015;10987244
14/05/2015;10301798
15/05/2015;7768610
18/05/2015;9229977
19/05/2015;45363929
20/05/2015;54530780
21/05/2015;30404288
22/05/2015;10279385
26/05/2015;12796030
27/05/2015;13686517
28/05/2015;9414041
29/05/2015;10927975
01/06/2015;11152854
02/06/2015;8866474
03/06/2015;11893374
04/06/2015;10033370
05/06/2015;9831129
08/06/2015;7625508
09/06/2015;11995156
10/06/2015;7943818
11/06/2015;23694968
12/06/2015;9232651
15/06/2015;10876265
16/06/2015;20454539
17/06/2015;11943076
18/06/2015;10017568
19/06/2015;11661459
22/06/2015;6141546
23/06/2015;6860632
24/06/2015;11462231
25/06/2015;10776219
26/06/2015;16430945
29/06/2015;12481317
30/06/2015;11258342
01/07/2015;6398439
02/07/2015;7712994
06/07/2015;11803417
07/07/2015;19432474
08/07/2015;20529176
09/07/2015;16909387
10/07/2015;10057576
13/07/2015;8713178
14/07/2015;9506509
15/07/2015;9147265
16/07/2015;8462417
17/07/2015;14864268
20/07/2015;14752071
21/07/2015;14861571
22/07/2015;17714798
23/07/2015;9267432
24/07/2015;8590731
27/07/2015;12942727
28/07/2015;10333096
29/07/2015;10290604
30/07/2015;9542683
31/07/2015;15446116
03/08/2015;9887296
04/08/2015;9051917
05/08/2015;6844018
06/08/2015;12299702
07/08/2015;11845497
10/08/2015;11351419
11/08/2015;13833238
12/08/2015;31443155
13/08/2015;28987668
14/08/2015;12241062
17/08/2015;7933557
18/08/2015;11445283
19/08/2015;8976684
20/08/2015;15525775
21/08/2015;18271697
24/08/2015;22876922
25/08/2015;15626118
26/08/2015;25375593
27/08/2015;18949155
28/08/2015;9359480
31/08/2015;13575090
01/09/2015;19828291
02/09/2015;15551472
03/09/2015;13710679
04/09/2015;13801026
08/09/2015;25238458
09/09/2015;46956972
10/09/2015;14287579
11/09/2015;14312099
14/09/2015;21951514
15/09/2015;25637648
16/09/2015;22171672
17/09/2015;16546884
18/09/2015;20144730
21/09/2015;18413401
22/09/2015;15257012
23/09/2015;12674674
24/09/2015;18723153
25/09/2015;11525302
28/09/2015;49088735
29/09/2015;41761626
30/09/2015;17861774
01/10/2015;14459139
02/10/2015;29098539
05/10/2015;12655008
06/10/2015;10572781
07/10/2015;11990979
08/10/2015;14239441
09/10/2015;11822124
12/10/2015;12565796
13/10/2015;12610538
14/10/2015;11277424
15/10/2015;19370910
16/10/2015;12209312
19/10/2015;10836776
20/10/2015;18644884
21/10/2015;30390422
22/10/2015;18180546
23/10/2015;24286346
26/10/2015;15752355
27/10/2015;26362111
28/10/2015;15050345
29/10/2015;10788277
30/10/2015;17377221
02/11/2015;15160315
03/11/2015;12388495
04/11/2015;17495852
05/11/2015;15677479
06/11/2015;16593732
09/11/2015;13630285
10/11/2015;11506089
11/11/2015;11804051
12/11/2015;14246234
13/11/2015;10874421
16/11/2015;10977682
17/11/2015;10231651
18/11/2015;10759423
19/11/2015;13978215
20/11/2015;12482636
23/11/2015;11899686
24/11/2015;13156391
25/11/2015;13257985
27/11/2015;5315555
30/11/2015;17363644
01/12/2015;10862528
02/12/2015;56614011
03/12/2015;17080482
04/12/2015;16109553
07/12/2015;12047935
08/12/2015;19852579
09/12/2015;45101897
10/12/2015;16174180
11/12/2015;14936195
14/12/2015;15949567
15/12/2015;16187259
16/12/2015;12689442
17/12/2015;13243513
18/12/2015;16921825
21/12/2015;9106706
22/12/2015;15531275
23/12/2015;13469154
24/12/2015;3470658
28/12/2015;11020755
29/12/2015;12621892
30/12/2015;5933634
31/12/2015;7423271
04/01/2016;25176155
05/01/2016;14301076
06/01/2016;16047757
07/01/2016;21209071
08/01/2016;26322780
11/01/2016;17140122
12/01/2016;13198495
13/01/2016;16593732
14/01/2016;14995662
15/01/2016;17352014
19/01/2016;20036365
20/01/2016;20455096
21/01/2016;16073930
22/01/2016;16272093
25/01/2016;23095495
26/01/2016;11422624
27/01/2016;13269873
28/01/2016;15420511
29/01/2016;18718334
01/02/2016;12865755
02/02/2016;34088167
03/02/2016;55527649
04/02/2016;28516992
05/02/2016;16077452
08/02/2016;24473574
09/02/2016;13919057
10/02/2016;8933601
11/02/2016;11154923
12/02/2016;12986151
16/02/2016;20127286
17/02/2016;12891554
18/02/2016;15259369
19/02/2016;20706072
22/02/2016;21455295
23/02/2016;16847456
24/02/2016;12612029
25/02/2016;19842342
26/02/2016;16680156
29/02/2016;19208698
01/03/2016;14833638
02/03/2016;10458566
03/03/2016;11355589
04/03/2016;22915205
07/03/2016;22923982
08/03/2016;21007332
09/03/2016;12647144
10/03/2016;19451953
11/03/2016;11682714
14/03/2016;7960303
15/03/2016;10672318
16/03/2016;10975697
17/03/2016;9334078
18/03/2016;20488334
21/03/2016;13279376
22/03/2016;11272275
23/03/2016;12192595
24/03/2016;14101549
28/03/2016;12976815
29/03/2016;23166544
30/03/2016;19836459
31/03/2016;18666216
01/04/2016;13650354
04/04/2016;20203233
05/04/2016;12439202
06/04/2016;19418583
07/04/2016;38653774
08/04/2016;20251112
11/04/2016;13709569
12/04/2016;10439369
13/04/2016;17158703
14/04/2016;16608991
15/04/2016;19016188
18/04/2016;17723026
19/04/2016;20014080
20/04/2016;30758921
21/04/2016;11633739
22/04/2016;9071816
25/04/2016;9823457
26/04/2016;10059564
27/04/2016;16391163
28/04/2016;13148503
29/04/2016;11954114
02/05/2016;6581891
03/05/2016;8774971
04/05/2016;9649269
05/05/2016;13699177
06/05/2016;9208343
09/05/2016;6149115
10/05/2016;7171353
11/05/2016;9997359
12/05/2016;11169187
13/05/2016;10996727
16/05/2016;16976456
17/05/2016;11335505
18/05/2016;8465904
19/05/2016;7096480
20/05/2016;34311031
23/05/2016;7768631
24/05/2016;10601318
25/05/2016;33984864
26/05/2016;16277866
27/05/2016;14642533
31/05/2016;12873630
01/06/2016;22177647
02/06/2016;12179259
03/06/2016;12059105
06/06/2016;8426142
07/06/2016;14757059
08/06/2016;9181896
09/06/2016;14759107
10/06/2016;11216470
13/06/2016;6519751
14/06/2016;13023127
15/06/2016;10213170
16/06/2016;10634046
17/06/2016;12593900
20/06/2016;8957313
21/06/2016;5574603
22/06/2016;6279215
23/06/2016;7710892
24/06/2016;19657828
27/06/2016;14157606
28/06/2016;10990713
29/06/2016;10808162
30/06/2016;15209878
01/07/2016;10602792
05/07/2016;8746735
06/07/2016;8328101
07/07/2016;9031440
08/07/2016;8786614
11/07/2016;20342573
12/07/2016;15224047
13/07/2016;9566060
14/07/2016;10713015
15/07/2016;13513375
18/07/2016;16046777
19/07/2016;10393957
20/07/2016;8177973
21/07/2016;7671760
22/07/2016;11325660
25/07/2016;41814378
26/07/2016;15978647
27/07/2016;12148433
28/07/2016;7424404
29/07/2016;13199145
01/08/2016;9605006
02/08/2016;7504721
03/08/2016;5890051
04/08/2016;11000843
05/08/2016;9127094
08/08/2016;10131279
09/08/2016;5971530
10/08/2016;12981568
11/08/2016;23938864
12/08/2016;25182851
15/08/2016;14441784
16/08/2016;13793794
17/08/2016;8571927
18/08/2016;11294419
19/08/2016;9460753
22/08/2016;6229402
23/08/2016;8963786
24/08/2016;6930295
25/08/2016;5360912
26/08/2016;6327991
29/08/2016;4555600
30/08/2016;5804080
31/08/2016;7715941
01/09/2016;5575305
02/09/2016;7334914
06/09/2016;18125776
07/09/2016;9109446
08/09/2016;7882609
09/09/2016;12060737
12/09/2016;10808806
13/09/2016;10132044
14/09/2016;11625287
15/09/2016;12535634
16/09/2016;19093930
19/09/2016;7887375
20/09/2016;9788923
21/09/2016;12313680
22/09/2016;33355616
23/09/2016;31888521
26/09/2016;12745119
27/09/2016;8765715
28/09/2016;7418984
29/09/2016;13720746
30/09/2016;10374757
03/10/2016;7965922
04/10/2016;8998384
05/10/2016;6118487
06/10/2016;6293908
07/10/2016;8502112
10/10/2016;6573631
11/10/2016;9513283
12/10/2016;7290843
13/10/2016;15689711
14/10/2016;7781258
17/10/2016;8620369
18/10/2016;19360802
19/10/2016;14532469
20/10/2016;11671022
21/10/2016;7194168
24/10/2016;4346851
25/10/2016;5338875
26/10/2016;6123026
27/10/2016;7240848
28/10/2016;6197469
31/10/2016;3749658
01/11/2016;11751521
02/11/2016;13019956
03/11/2016;8112820
04/11/2016;4579437
07/11/2016;5430744
08/11/2016;4229743
09/11/2016;24000065
10/11/2016;16443786
11/11/2016;15178907
14/11/2016;12692293
15/11/2016;13364918
16/11/2016;15609553
17/11/2016;8692013
18/11/2016;8138928
21/11/2016;11355856
22/11/2016;8881541
23/11/2016;3719257
25/11/2016;2586908
28/11/2016;6836364
29/11/2016;13085981
30/11/2016;7644360
01/12/2016;12624139
02/12/2016;8588544
05/12/2016;4408407
06/12/2016;6987846
07/12/2016;7208492
08/12/2016;9171707
09/12/2016;6836112
12/12/2016;4451709
13/12/2016;6564552
14/12/2016;19555694
15/12/2016;43669990
16/12/2016;21694081
19/12/2016;13615511
20/12/2016;25008427
21/12/2016;8296515
22/12/2016;11685650
23/12/2016;3841245
27/12/2016;4240285
28/12/2016;4428368
29/12/2016;4170497
30/12/2016;6432792
03/01/2017;6084699
04/01/2017;11759453
05/01/2017;13122100
06/01/2017;6087644
09/01/2017;7797445
10/01/2017;8111079
11/01/2017;6946237
12/01/2017;6024900
13/01/2017;4513026
17/01/2017;4779009
18/01/2017;3594963
19/01/2017;6005615
20/01/2017;5511713
23/01/2017;13662837
24/01/2017;24933488
25/01/2017;14388287
26/01/2017;9974613
27/01/2017;4943138
30/01/2017;6906121
31/01/2017;5153697
01/02/2017;5307216
02/02/2017;5065117
03/02/2017;6422438
06/02/2017;7308775
07/02/2017;4445846
08/02/2017;6531000
09/02/2017;3769280
10/02/2017;4158744
13/02/2017;7491311
14/02/2017;6676842
15/02/2017;22509206
16/02/2017;8972022
17/02/2017;9417191
21/02/2017;8115953
22/02/2017;7730221
23/02/2017;7812053
24/02/2017;3714785
27/02/2017;4006922
28/02/2017;7201973
01/03/2017;7258451
02/03/2017;7017056
03/03/2017;6758310
06/03/2017;6694863
07/03/2017;5116841
08/03/2017;3331722
09/03/2017;3767567
10/03/2017;3824529
13/03/2017;4702990
14/03/2017;3800294
15/03/2017;6279298
16/03/2017;3627081
17/03/2017;6192404
20/03/2017;5822991
21/03/2017;6469439
22/03/2017;6773395
23/03/2017;8297815
24/03/2017;5607667
27/03/2017;6016624
28/03/2017;4630801
29/03/2017;4403402
30/03/2017;3449091
31/03/2017;7814123
03/04/2017;7675378
04/04/2017;4758401
05/04/2017;4840299
06/04/2017;4124602
07/04/2017;4629814
10/04/2017;7818042
11/04/2017;5593867
12/04/2017;5127330
13/04/2017;3762132
17/04/2017;3857065
18/04/2017;9341939
19/04/2017;12179541
20/04/2017;10925101
21/04/2017;7054995
24/04/2017;9860363
25/04/2017;10288234
26/04/2017;4053137
27/04/2017;10635392
28/04/2017;4925538
01/05/2017;6386542
02/05/2017;6106265
03/05/2017;4702411
04/05/2017;6208893
05/05/2017;7835467
08/05/2017;10059557
09/05/2017;10279065
10/05/2017;8360446
11/05/2017;6142929
12/05/2017;6185780
15/05/2017;9129285
16/05/2017;19423578
17/05/2017;20954125
18/05/2017;13737509
19/05/2017;11181962
22/05/2017;9696647
23/05/2017;7342030
24/05/2017;12238852
25/05/2017;11961672
26/05/2017;6049533
30/05/2017;8400168
31/05/2017;8750770
01/06/2017;7776690
02/06/2017;9857195
05/06/2017;16600752
06/06/2017;27315854
07/06/2017;25993519
08/06/2017;75397854
09/06/2017;74186692
12/06/2017;57753270
13/06/2017;157375730
14/06/2017;72068964
15/06/2017;72688419
16/06/2017;269377149
19/06/2017;39430343
20/06/2017;47512882
21/06/2017;28731684
22/06/2017;17258904
23/06/2017;13065566
26/06/2017;22718129
27/06/2017;17023615
28/06/2017;14675936
29/06/2017;11962959
30/06/2017;8826060
03/07/2017;4559540
05/07/2017;8817551
06/07/2017;5978306
07/07/2017;2776117
10/07/2017;4164390
11/07/2017;10200759
12/07/2017;5836111
13/07/2017;3806322
14/07/2017;4420255
17/07/2017;6905806
18/07/2017;7126711
19/07/2017;8682713
20/07/2017;8756962
21/07/2017;8832362
24/07/2017;3671434
25/07/2017;3264422
26/07/2017;5443708
27/07/2017;8395031
28/07/2017;5871045
31/07/2017;6738130
01/08/2017;4164450
02/08/2017;5846199
03/08/2017;4726578
04/08/2017;7330487
07/08/2017;5540180
08/08/2017;4207240
09/08/2017;3071198
10/08/2017;4420250
11/08/2017;5552460
14/08/2017;7409532
15/08/2017;7863461
16/08/2017;7640557
17/08/2017;11943624
18/08/2017;13009004
21/08/2017;4594092
22/08/2017;5627242
23/08/2017;4131526
24/08/2017;4055765
25/08/2017;5941278
28/08/2017;5567391
29/08/2017;3590107
30/08/2017;5288699
31/08/2017;3676518
01/09/2017;2191331
05/09/2017;3277825
06/09/2017;4875988
07/09/2017;3944152
08/09/2017;3298320
11/09/2017;5464293
12/09/2017;6672110
13/09/2017;10760848
14/09/2017;11463558
15/09/2017;8589611
18/09/2017;5323750
19/09/2017;4478702
20/09/2017;11434011
21/09/2017;4123943
22/09/2017;8523288
25/09/2017;18001335
26/09/2017;6654370
27/09/2017;7289458
28/09/2017;7214806
29/09/2017;5452375
02/10/2017;20424040
03/10/2017;5709615
04/10/2017;4289737
05/10/2017;3451654
06/10/2017;1939061
09/10/2017;2763916
10/10/2017;5689191
11/10/2017;4251750
12/10/2017;4110988
13/10/2017;3380943
16/10/2017;4523200
17/10/2017;4264365
18/10/2017;5361842
19/10/2017;4271282
20/10/2017;7149442
23/10/2017;3959123
24/10/2017;3667001
25/10/2017;4550598
26/10/2017;4967301
27/10/2017;7607822
30/10/2017;7764554
31/10/2017;10680460
01/11/2017;9883635
02/11/2017;10054593
03/11/2017;6321515
06/11/2017;7130108
07/11/2017;9164838
08/11/2017;7363665
09/11/2017;10054905
10/11/2017;4439901
13/11/2017;5256892
14/11/2017;5194145
15/11/2017;9144226
16/11/2017;7510504
17/11/2017;14298554
20/11/2017;14666339
21/11/2017;9514310
22/11/2017;6721660
24/11/2017;3356343
27/11/2017;7630057
28/11/2017;11936842
29/11/2017;15976247
30/11/2017;19215640
01/12/2017;19712943
04/12/2017;15533597
05/12/2017;11963099
06/12/2017;11646582
07/12/2017;7084564
08/12/2017;7021125
11/12/2017;7359312
12/12/2017;11296188
13/12/2017;17321301
14/12/2017;17077065
15/12/2017;19517623
18/12/2017;6776982
19/12/2017;14654994
20/12/2017;12888149
21/12/2017;9682733
22/12/2017;10979165
26/12/2017;8542802
27/12/2017;6345124
28/12/2017;7556877
29/12/2017;6613070
